;email
0;lkjpiy@istuck.online
1;tupppm@msize.space
2;lerzez@msize.space
3;kurgul@keepit.site
4;nigzus@istuck.online
5;zocrij@istuck.online
6;vudwoa@keepit.site
7;sepbae@msize.space
8;zuzris@istuck.online
9;vatpip@msize.space
10;teewap@keepit.site
11;ceezie@istuck.online
12;cojkot@istuck.online
13;guusol@msize.space
14;vuejem@istuck.online
15;meffum@msize.space
16;tomnag@keepit.site
17;voulid@msize.space
18;lopmap@keepit.site
19;loeref@msize.space
20;deisah@keepit.site
21;tobdam@msize.space
22;derfuu@msize.space
23;dufgas@istuck.online
24;rejnad@msize.space
25;zoopas@msize.space
26;bofzoz@istuck.online
27;dosdei@msize.space
28;cizjuc@keepit.site
29;bekpet@keepit.site
30;zonwus@keepit.site
31;doetes@istuck.online
32;viesaa@istuck.online
33;jyluro@istuck.online
34;iylwqk@keepit.site
35;fabdei@keepit.site
36;yngwab@msize.space
37;lavjup@keepit.site
38;jursie@istuck.online
39;siukuc@msize.space
40;webfit@istuck.online
41;sosfeu@keepit.site
42;srhvnu@keepit.site
43;qaolci@istuck.online
44;zfadhn@keepit.site
45;dotwog@keepit.site
46;cuwpie@keepit.site
47;novtag@msize.space
48;focbot@istuck.online
49;uccvsj@msize.space
